<?xml version="1.0" encoding="utf-16"?><SpaPackageImportExportData xmlns:xsd="http://www.w3.org/2001/XMLSchema" xmlns:xsi="http://www.w3.org/2001/XMLSchema-instance" dbversion="2025.2"><PackageSummary><SpaPackageIdentity><Id>89664D435C034E3C8E8E8F9B34B32334</Id><Name>Prompt Logger package</Name><Version>2</Version></SpaPackageIdentity><Description /><CategoryIdentity><Id>C48AD24A9390446BAB5C3A3E2FC675E0</Id><AutomaticallyPopulate>true</AutomaticallyPopulate><Name>Tom Coppock</Name><Description /></CategoryIdentity><LastModifiedDateTime>2025-09-15T14:55:59.507</LastModifiedDateTime><LastModifiedResource><Id>C36C50EBB220423E9447841BEA17E8D5</Id><AutomaticallyPopulate>true</AutomaticallyPopulate><Name>Tom Coppock</Name><ResourceType>Worker</ResourceType><EmailAddress /><UserId /><ManagerialLevel>0</ManagerialLevel></LastModifiedResource><Comments /><ResourceAccessTokens><ResourceAccess><ResourceIdentity><Id>7DF43CCDF24611D2804B00104B71BD15</Id><AutomaticallyPopulate>true</AutomaticallyPopulate><Name>Everyone</Name><ResourceType>GroupOfWorkers</ResourceType><EmailAddress /><UserId /><ManagerialLevel>0</ManagerialLevel></ResourceIdentity><AccessType>MaintenanceAccess</AccessType><PermissionType>FullControl</PermissionType></ResourceAccess></ResourceAccessTokens><PermissionType>FullControl</PermissionType><SourceControlStatus>NotInSourceControl</SourceControlStatus><SpaPackageType>Default</SpaPackageType></PackageSummary><Processes /><ProcessExportOption><ExportResources>false</ExportResources><ExportGroupResourceMembers>false</ExportGroupResourceMembers><ExportResourcesExtensions>false</ExportResourcesExtensions><ExportCategories>false</ExportCategories><WithCategoryParentage>false</WithCategoryParentage><GeneralizedExport>false</GeneralizedExport><ExportDotNetReferencesWithPath>true</ExportDotNetReferencesWithPath><ExportCaseFragments>false</ExportCaseFragments><ExportTemplateSkins>true</ExportTemplateSkins><ExportExtractionClassificationData>true</ExportExtractionClassificationData><ExportGlobalDataModels>false</ExportGlobalDataModels><ExportProcessDataModels>false</ExportProcessDataModels><ExportType>CombineAssociatedMaps</ExportType><Version>0</Version><ExportServerVariables>true</ExportServerVariables><PreloadScript>1</PreloadScript><SleepDuration>0</SleepDuration><CategoryIds /><ProcessDocument>false</ProcessDocument><ProcessViewer>false</ProcessViewer><DotNetActivityType>0</DotNetActivityType><Projects /><AllProcessVariables /><ExportOnlyDocumentGroupIdentityDetails>false</ExportOnlyDocumentGroupIdentityDetails><SiteDetailsRequired>false</SiteDetailsRequired><CmisSiteDetailsRequired>false</CmisSiteDetailsRequired><Assets /><PerceptiveSiteDetailsRequired>false</PerceptiveSiteDetailsRequired><IncludeExportConnectorMappings>false</IncludeExportConnectorMappings><IncludeDocumentTypeRetentionPolicy>false</IncludeDocumentTypeRetentionPolicy><IncludeDocumentTypeChunking>false</IncludeDocumentTypeChunking><IsSpaExport>false</IsSpaExport><ProcessType>BusinessProcess</ProcessType><ProtectedItems /><ExportPageRenditions>false</ExportPageRenditions><ExportReportingTags>false</ExportReportingTags><ExportTestPlans>false</ExportTestPlans><IncludeProcessAssociationsInPackage>false</IncludeProcessAssociationsInPackage><IsGitExport>false</IsGitExport><ExcludeCaptureProjectTrainingSets>false</ExcludeCaptureProjectTrainingSets></ProcessExportOption><WorkAllocationRules /><Skins /><BusinessRules /><CustomServices /><CustomServiceGroups /><Assets /><Forms><ImportExportPackageSummaryOfFormIdentity><Identity><Id>A199EC5EEED04A7A8A2E9A7C1EEDEC66</Id><AutomaticallyPopulate>false</AutomaticallyPopulate><Name>Prompt Logger Test Form</Name><Version>15</Version></Identity><LastModifiedBy><Id>C36C50EBB220423E9447841BEA17E8D5</Id><AutomaticallyPopulate>false</AutomaticallyPopulate><ResourceType>Worker</ResourceType><EmailAddress /><UserId /><ManagerialLevel>0</ManagerialLevel></LastModifiedBy><LastModified>2025-09-15T15:14:52.833</LastModified></ImportExportPackageSummaryOfFormIdentity></Forms><FormExportOptions><ExportHeader>false</ExportHeader><ExportNavigation>false</ExportNavigation><ExportGlobalVariables>true</ExportGlobalVariables><ExportWebServices>false</ExportWebServices><ExportBusinessRules>false</ExportBusinessRules><ExportSecurityTokens>false</ExportSecurityTokens><ExportSecurityRoles>false</ExportSecurityRoles><ExportRoleMembers>false</ExportRoleMembers><IsSpaExport>false</IsSpaExport></FormExportOptions><Navigations /><DeviceSettings /><Sites /><Themes /><Languages /><Lookups /><Resources /><Entities /><WorkTypes /><Checklists /><Folders /><ExtractionGroups /><ClassificationGroups /><Formatters /><FieldValidators /><ChecklistItems /><Events /><Targets /><Alerts /><AlertExportOption><ExportAssociatedProcess>false</ExportAssociatedProcess></AlertExportOption><Categories><ImportExportPackageSummaryOfCategoryIdentity><Identity><Id>6DA313F1BF384DC4A33803943145C687</Id><AutomaticallyPopulate>true</AutomaticallyPopulate><Name>EMEA</Name><Description /></Identity><LastModifiedBy><Id>B86A51A2828786A7D5607D9AE84CBE11</Id><AutomaticallyPopulate>true</AutomaticallyPopulate><ResourceType>Worker</ResourceType><EmailAddress /><UserId /><ManagerialLevel>0</ManagerialLevel></LastModifiedBy><LastModified>2025-08-28T13:57:41.53</LastModified></ImportExportPackageSummaryOfCategoryIdentity><ImportExportPackageSummaryOfCategoryIdentity><Identity><Id>C48AD24A9390446BAB5C3A3E2FC675E0</Id><AutomaticallyPopulate>true</AutomaticallyPopulate><Name>Tom Coppock</Name><Description /></Identity><LastModifiedBy><Id>B86A51A2828786A7D5607D9AE84CBE11</Id><AutomaticallyPopulate>true</AutomaticallyPopulate><ResourceType>Worker</ResourceType><EmailAddress /><UserId /><ManagerialLevel>0</ManagerialLevel></LastModifiedBy><LastModified>2025-08-29T09:06:04.64</LastModified></ImportExportPackageSummaryOfCategoryIdentity></Categories><ScanVrsProfiles /><SeparationProfiles /><BarcodePatchcodeProfiles /><PdfGenerationProfiles /><DocConversionProfiles /><JobSchedules /><CaptureControlLayouts /><RegularExpressions /><Personas /><ServerVariables /><ServerVariablesCollection /><ThreadPools /><Tags /><GlobalVariables /><GlobalVariablesCollection><ImportExportPackageSummaryOfSessionVariable><Identity><Identity><Name>SESSION_ID</Name><Id>161F8F818093437482D2886B7B6756BB</Id><AutomaticallyPopulate>true</AutomaticallyPopulate></Identity><Description>The current Session Identifer.</Description><Value /><IsLocalizable>false</IsLocalizable><Category><Id>201F370CA5164F76ADDD8EEEFF666AF7</Id><AutomaticallyPopulate>true</AutomaticallyPopulate><Name>Default Category</Name><Description /></Category><LastModifiedDateTime>2025-08-27T16:18:01.107</LastModifiedDateTime><IsSecure>false</IsSecure></Identity><LastModifiedBy><Id /><AutomaticallyPopulate>true</AutomaticallyPopulate><ResourceType>Worker</ResourceType><EmailAddress /><UserId /><ManagerialLevel>0</ManagerialLevel></LastModifiedBy><LastModified>2025-08-27T16:18:01.107</LastModified></ImportExportPackageSummaryOfSessionVariable></GlobalVariablesCollection><ServerXmlExpressionVariables /><DotNetReferences /><MiscellaneousFiles /><Queries /><FormTemplates /><Localisations /><Packages /><ExportConnectorDeploymentProperties /><ShowProcessAssociations>false</ShowProcessAssociations><ShowFormAssociations>false</ShowFormAssociations><SystemExportOptions><IncludeNoteTypes>false</IncludeNoteTypes><IncludeHotKeys>false</IncludeHotKeys><IncludePageRenditions>false</IncludePageRenditions><IncludeNodeColors>false</IncludeNodeColors><IncludeReportingTags>false</IncludeReportingTags><IncludeErrorCodes>false</IncludeErrorCodes></SystemExportOptions><ShowCategoryAssociations>false</ShowCategoryAssociations><Version><Major>7</Major><Minor>3</Minor><Build>1</Build><Revision>0</Revision></Version><DocumentTypeVariants /><ProtectAllItems>false</ProtectAllItems><ProtectedItems /><IncludeRoleMembers>false</IncludeRoleMembers><IncludeDevices>false</IncludeDevices><IncludeDeviceProfiles>false</IncludeDeviceProfiles><IncludeDeviceSettings>false</IncludeDeviceSettings><ExportConnectorMappings>false</ExportConnectorMappings><WebServices /><ImportConnections /><ImportSources /><OAuthServers /><CaptureSolution><Id /><Name /><Version>0</Version><Description /><DocumentLanguage /><CategoryIdentity><Id /><AutomaticallyPopulate>true</AutomaticallyPopulate><Name /><Description /></CategoryIdentity><LastModified>2025-09-15T15:15:28.6971987+00:00</LastModified><LockedBy><Id /><AutomaticallyPopulate>true</AutomaticallyPopulate><Name /><ResourceType>Worker</ResourceType><EmailAddress /><UserId /><ManagerialLevel>0</ManagerialLevel></LockedBy><ProcessIdentity><Id /><AutomaticallyPopulate>true</AutomaticallyPopulate><Version>0</Version><Name /></ProcessIdentity><ClassificationGroupIdentity><Id /><AutomaticallyPopulate>true</AutomaticallyPopulate><Version>0</Version><Name /></ClassificationGroupIdentity><GenerateMFPForms>false</GenerateMFPForms><ScanCNJFormLink /><ExpectedSolutionDuration>0</ExpectedSolutionDuration><UploadedDocsFolderId /><DownloadImagesAndData>false</DownloadImagesAndData><DeleteDocumentsWhenJobComplete>false</DeleteDocumentsWhenJobComplete><DeleteDocumentsAfterNoOfDays>0</DeleteDocumentsAfterNoOfDays><TrainingRequired>false</TrainingRequired><DownloadZipResources /><SeparationProfileIdentity /><MaintenanceAccessTokens /><FunctionalAccessResources /><ResourcePermissionType>FullControl</ResourcePermissionType><PackageId /><Image><Id /><Name /><AssetType>Template</AssetType><AutomaticallyPopulate>true</AutomaticallyPopulate><StorageId>0</StorageId></Image><ExportFieldDataFormat>CSV</ExportFieldDataFormat><EnablePdfGeneration>false</EnablePdfGeneration><PdfGenerationProfile /><ExportChannelType>None</ExportChannelType><ExportAzureBlobSettings><IntegrationSiteIdentity><Id /><Location /><Name /><AddInId /><CategoryId>201F370CA5164F76ADDD8EEEFF666AF7</CategoryId><IntegrationType>LocalScriptAssembly</IntegrationType></IntegrationSiteIdentity><ContainerName /><ExportMode>Folder</ExportMode></ExportAzureBlobSettings><CustomizeWorkflow>false</CustomizeWorkflow><ImportScanVrsProfileIdentity /><AssociatedItems /></CaptureSolution><DataModels /><QuickApp><Id /><Name /><Version>0</Version><AppType>QuickWorkflow</AppType></QuickApp><QuickAppType>QuickWorkflow</QuickAppType><QuickAppLastModified>0001-01-01T00:00:00</QuickAppLastModified><PackageItemAssociations><PackageItemAssociation><Id>6DA313F1BF384DC4A33803943145C687</Id><Name /><ItemType>28</ItemType><AssociatedItems /></PackageItemAssociation><PackageItemAssociation><Id>C48AD24A9390446BAB5C3A3E2FC675E0</Id><Name /><ItemType>28</ItemType><AssociatedItems /></PackageItemAssociation><PackageItemAssociation><Id>A199EC5EEED04A7A8A2E9A7C1EEDEC66</Id><Name /><ItemType>6</ItemType><AssociatedItems><AssociatedItem><Id>C48AD24A9390446BAB5C3A3E2FC675E0</Id><ItemType>28</ItemType><Name>Tom Coppock</Name></AssociatedItem><AssociatedItem><Id>6DA313F1BF384DC4A33803943145C687</Id><ItemType>28</ItemType><Name>EMEA</Name></AssociatedItem><AssociatedItem><Id>161F8F818093437482D2886B7B6756BB</Id><ItemType>36</ItemType><Name>SESSION_ID</Name></AssociatedItem><AssociatedItem><Id>A199EC5EEED04A7A8A2E9A7C1EEDEC66</Id><ItemType>6</ItemType><Name>Prompt Logger Test Form</Name></AssociatedItem></AssociatedItems></PackageItemAssociation></PackageItemAssociations><CurrencyCodes /><AIAgentProviders /></SpaPackageImportExportData>