<?xml version="1.0" encoding="utf-16"?>
<ArrayOfCategory xmlns:xsd="http://www.w3.org/2001/XMLSchema" xmlns:xsi="http://www.w3.org/2001/XMLSchema-instance">
  <Category>
    <Identity>
      <Id>6DA313F1BF384DC4A33803943145C687</Id>
      <AutomaticallyPopulate>true</AutomaticallyPopulate>
      <Name>EMEA</Name>
      <Description />
    </Identity>
    <Description />
    <ResourceAccessList>
      <ResourceAccess>
        <ResourceIdentity>
          <Id>3A6B3531C4A94AB481586701D94FC318</Id>
          <AutomaticallyPopulate>true</AutomaticallyPopulate>
          <Name>Administrators</Name>
          <ResourceType>GroupOfWorkers</ResourceType>
          <EmailAddress />
          <UserId />
          <ManagerialLevel>0</ManagerialLevel>
        </ResourceIdentity>
        <AccessType>MaintenanceAccess</AccessType>
        <PermissionType>FullControl</PermissionType>
      </ResourceAccess>
      <ResourceAccess>
        <ResourceIdentity>
          <Id>3F18280B4980432F8AC49C8791AAC70A</Id>
          <AutomaticallyPopulate>true</AutomaticallyPopulate>
          <Name>EMEA Group</Name>
          <ResourceType>GroupOfWorkers</ResourceType>
          <EmailAddress />
          <UserId />
          <ManagerialLevel>0</ManagerialLevel>
        </ResourceIdentity>
        <AccessType>MaintenanceAccess</AccessType>
        <PermissionType>FullControl</PermissionType>
      </ResourceAccess>
    </ResourceAccessList>
    <LastModifiedDate>2025-08-28T13:57:41.53</LastModifiedDate>
    <LastModifiedUser>B86A51A2828786A7D5607D9AE84CBE11</LastModifiedUser>
    <LastModifiedUserName>Poc1Admin</LastModifiedUserName>
  </Category>
  <Category>
    <Identity>
      <Id>C48AD24A9390446BAB5C3A3E2FC675E0</Id>
      <AutomaticallyPopulate>true</AutomaticallyPopulate>
      <Name>Tom Coppock</Name>
      <Description />
    </Identity>
    <Description />
    <ResourceAccessList>
      <ResourceAccess>
        <ResourceIdentity>
          <Id>7DF43CCDF24611D2804B00104B71BD15</Id>
          <AutomaticallyPopulate>true</AutomaticallyPopulate>
          <Name>Everyone</Name>
          <ResourceType>GroupOfWorkers</ResourceType>
          <EmailAddress />
          <UserId />
          <ManagerialLevel>0</ManagerialLevel>
        </ResourceIdentity>
        <AccessType>MaintenanceAccess</AccessType>
        <PermissionType>FullControl</PermissionType>
      </ResourceAccess>
    </ResourceAccessList>
    <ParentCategory>
      <Id>6DA313F1BF384DC4A33803943145C687</Id>
      <AutomaticallyPopulate>true</AutomaticallyPopulate>
      <Name />
      <Description />
    </ParentCategory>
    <LastModifiedDate>2025-08-29T09:06:04.64</LastModifiedDate>
    <LastModifiedUser>B86A51A2828786A7D5607D9AE84CBE11</LastModifiedUser>
    <LastModifiedUserName>Poc1Admin</LastModifiedUserName>
  </Category>
</ArrayOfCategory>