<?xml version="1.0" encoding="utf-16"?>
<ArrayOfCategory xmlns:xsd="http://www.w3.org/2001/XMLSchema" xmlns:xsi="http://www.w3.org/2001/XMLSchema-instance">
  <Category>
    <Identity>
      <Id>6481B8576791417AA07C7E697F8763D9</Id>
      <AutomaticallyPopulate>true</AutomaticallyPopulate>
      <Name>PromptLogger</Name>
      <Description />
    </Identity>
    <Description />
    <ResourceAccessList>
      <ResourceAccess>
        <ResourceIdentity>
          <Id>7DF43CCDF24611D2804B00104B71BD15</Id>
          <AutomaticallyPopulate>true</AutomaticallyPopulate>
          <Name>Everyone</Name>
          <ResourceType>GroupOfWorkers</ResourceType>
          <EmailAddress />
          <UserId />
          <ManagerialLevel>0</ManagerialLevel>
        </ResourceIdentity>
        <AccessType>MaintenanceAccess</AccessType>
        <PermissionType>FullControl</PermissionType>
      </ResourceAccess>
    </ResourceAccessList>
    <LastModifiedDate>2025-09-16T09:23:28.69</LastModifiedDate>
    <LastModifiedUser>C36C50EBB220423E9447841BEA17E8D5</LastModifiedUser>
    <LastModifiedUserName>Tom Coppock</LastModifiedUserName>
  </Category>
</ArrayOfCategory>